{
    "$schema": "http://json-schema.org/schema#",
    "type": "object",
    "title": "Error Response",
    "description": "Holds error codes and args on 4xx, 5xx errors",
    "definitions": {
        "error": {
            "type": "object",
            "properties": {
                "code": {
                    "type": "string"
                },
                "message": {
                    "type": "string"
                },
                "args": {
                    "type": "string",
                    "description": "Comma-separated string of error arguments"
                }
            }
        }
    },
    "properties": {
        "errors": {
            "type": "array",
            "items": {
                "$ref": "#/definitions/error"
            }
        }
    },
    "additionalProperties" : false
}