<?xml version="1.0" encoding="UTF-8" standalone="no"?>
<databaseChangeLog xmlns="http://www.liquibase.org/xml/ns/dbchangelog"
	xmlns:ext="http://www.liquibase.org/xml/ns/dbchangelog-ext" xmlns:xsi="http://www.w3.org/2001/XMLSchema-instance"
	xsi:schemaLocation="http://www.liquibase.org/xml/ns/dbchangelog http://www.liquibase.org/xml/ns/dbchangelog/dbchangelog-3.2.xsd http://www.liquibase.org/xml/ns/dbchangelog-ext http://www.liquibase.org/xml/ns/dbchangelog/dbchangelog-ext.xsd">

	<!--USER -->
	<changeSet id="1.0-001" author="rthangadurai26@gmail.com">
		<createSequence sequenceName="user_id_seq" schemaName="${schema.name}"
			startValue="1" incrementBy="1" />
		<createTable tableName="user" schemaName="${schema.name}">
			<column name="id" type="BIGINT">
				<constraints nullable="false" />
			</column>
			<column name="user_id" type="VARCHAR(50)">
				<constraints nullable="false" />
			</column>
			<column name="welcome_message" type="VARCHAR(50)">
				<constraints nullable="false" />
			</column>
		</createTable>
		<addPrimaryKey tableName="user" columnNames="id"
			constraintName="pk_user" schemaName="${schema.name}" />
		<createIndex tableName="user" indexName="ix_user_id"
			schemaName="${schema.name}">
			<column name="id" type="BIGINT" />
		</createIndex>
		<addUniqueConstraint columnNames="user_id"
			constraintName="uq_user_user_id" deferrable="false" disabled="false"
			initiallyDeferred="false" tableName="user" schemaName="${schema.name}"/>
	</changeSet>
</databaseChangeLog>